GO.ID	Term	Annotated	Significant	Expected	pval_test	pval_adj	ontology
GO:0060966	regulation of gene silencing by RNA	13	2	0.1	0.0041	1	BP
GO:1902017	regulation of cilium assembly	14	2	0.11	0.0048	1	BP
GO:0061512	protein localization to cilium	15	2	0.12	0.0055	1	BP
GO:1905798	positive regulation of intraciliary ante...	1	1	0.01	0.0077	1	BP
GO:0045974	regulation of translation, ncRNA-mediate...	1	1	0.01	0.0077	1	BP
GO:0040033	sRNA-mediated gene silencing	1	1	0.01	0.0077	1	BP
GO:0003391	amphid sensory organ dendrite retrograde...	1	1	0.01	0.0077	1	BP
GO:0001732	formation of cytoplasmic translation ini...	1	1	0.01	0.0077	1	BP
GO:0051138	positive regulation of NK T cell differe...	1	1	0.01	0.0077	1	BP
GO:1905801	positive regulation of intraciliary retr...	1	1	0.01	0.0077	1	BP
GO:2000286	receptor internalization involved in can...	1	1	0.01	0.0077	1	BP
GO:0075525	viral translational termination-reinitia...	1	1	0.01	0.0077	1	BP
GO:0048007	antigen processing and presentation, exo...	1	1	0.01	0.0077	1	BP
GO:0035278	miRNA-mediated gene silencing by inhibit...	1	1	0.01	0.0077	1	BP
GO:0009957	epidermal cell fate specification	2	1	0.02	0.0154	1	BP
GO:0033632	regulation of cell-cell adhesion mediate...	2	1	0.02	0.0154	1	BP
GO:2000637	positive regulation of miRNA-mediated ge...	2	1	0.02	0.0154	1	BP
GO:0034080	CENP-A containing chromatin assembly	2	1	0.02	0.0154	1	BP
GO:1900370	positive regulation of post-transcriptio...	2	1	0.02	0.0154	1	BP
GO:0002188	translation reinitiation	2	1	0.02	0.0154	1	BP
GO:0090727	positive regulation of brood size	2	1	0.02	0.0154	1	BP
GO:0060148	positive regulation of post-transcriptio...	2	1	0.02	0.0154	1	BP
GO:0034508	centromere complex assembly	2	1	0.02	0.0154	1	BP
GO:1905349	ciliary transition zone assembly	2	1	0.02	0.0154	1	BP
GO:0061641	CENP-A containing chromatin organization	2	1	0.02	0.0154	1	BP
GO:0042994	cytoplasmic sequestering of transcriptio...	2	1	0.02	0.0154	1	BP
GO:0031055	chromatin remodeling at centromere	2	1	0.02	0.0154	1	BP
GO:0007041	lysosomal transport	29	2	0.22	0.0199	1	BP
GO:0048490	anterograde synaptic vesicle transport	3	1	0.02	0.023	1	BP
GO:0040034	regulation of development, heterochronic	3	1	0.02	0.023	1	BP
GO:0099514	synaptic vesicle cytoskeletal transport	3	1	0.02	0.023	1	BP
GO:0099517	synaptic vesicle transport along microtu...	3	1	0.02	0.023	1	BP
GO:0033060	ocellus pigmentation	3	1	0.02	0.023	1	BP
GO:1903566	positive regulation of protein localizat...	3	1	0.02	0.023	1	BP
GO:0090136	epithelial cell-cell adhesion	3	1	0.02	0.023	1	BP
GO:0051340	regulation of ligase activity	3	1	0.02	0.023	1	BP
GO:0051220	cytoplasmic sequestering of protein	3	1	0.02	0.023	1	BP
GO:0046152	ommochrome metabolic process	3	1	0.02	0.023	1	BP
GO:0046158	ocellus pigment metabolic process	3	1	0.02	0.023	1	BP
GO:0061158	3'-UTR-mediated mRNA destabilization	3	1	0.02	0.023	1	BP
GO:0008055	ocellus pigment biosynthetic process	3	1	0.02	0.023	1	BP
GO:0006727	ommochrome biosynthetic process	3	1	0.02	0.023	1	BP
GO:0070940	dephosphorylation of RNA polymerase II C...	3	1	0.02	0.023	1	BP
GO:0006892	post-Golgi vesicle-mediated transport	32	2	0.25	0.024	1	BP
GO:0030705	cytoskeleton-dependent intracellular tra...	36	3	0.28	0.0247	1	BP
GO:0033631	cell-cell adhesion mediated by integrin	4	1	0.03	0.0305	1	BP
GO:0006829	zinc ion transport	4	1	0.03	0.0305	1	BP
GO:1904491	protein localization to ciliary transiti...	4	1	0.03	0.0305	1	BP
GO:1903564	regulation of protein localization to ci...	4	1	0.03	0.0305	1	BP
GO:2000370	positive regulation of clathrin-dependen...	4	1	0.03	0.0305	1	BP
GO:0060378	regulation of brood size	4	1	0.03	0.0305	1	BP
GO:0075522	IRES-dependent viral translational initi...	4	1	0.03	0.0305	1	BP
GO:0007034	vacuolar transport	37	2	0.29	0.0316	1	BP
GO:0031396	regulation of protein ubiquitination	39	2	0.3	0.0348	1	BP
GO:0043053	dauer entry	5	1	0.04	0.038	1	BP
GO:0033628	regulation of cell adhesion mediated by ...	5	1	0.04	0.038	1	BP
GO:0032438	melanosome organization	5	1	0.04	0.038	1	BP
GO:0035735	intraciliary transport involved in ciliu...	5	1	0.04	0.038	1	BP
GO:0035196	production of miRNAs involved in gene si...	5	1	0.04	0.038	1	BP
GO:0006336	DNA replication-independent chromatin as...	5	1	0.04	0.038	1	BP
GO:0032366	intracellular sterol transport	5	1	0.04	0.038	1	BP
GO:0032367	intracellular cholesterol transport	5	1	0.04	0.038	1	BP
GO:0035845	photoreceptor cell outer segment organiz...	5	1	0.04	0.038	1	BP
GO:0016203	muscle attachment	5	1	0.04	0.038	1	BP
GO:0070918	primary sncRNA processing	5	1	0.04	0.038	1	BP
GO:0043392	negative regulation of DNA binding	6	1	0.05	0.0455	1	BP
GO:0051438	regulation of ubiquitin-protein transfer...	6	1	0.05	0.0455	1	BP
GO:0045604	regulation of epidermal cell differentia...	6	1	0.05	0.0455	1	BP
GO:1903861	positive regulation of dendrite extensio...	6	1	0.05	0.0455	1	BP
GO:1903859	regulation of dendrite extension	6	1	0.05	0.0455	1	BP
GO:0055115	entry into diapause	6	1	0.05	0.0455	1	BP
GO:0007220	Notch receptor processing	6	1	0.05	0.0455	1	BP
GO:1990403	embryonic brain development	6	1	0.05	0.0455	1	BP
GO:0034724	DNA replication-independent chromatin or...	6	1	0.05	0.0455	1	BP
GO:0006726	eye pigment biosynthetic process	6	1	0.05	0.0455	1	BP
GO:0021915	neural tube development	46	2	0.36	0.0472	1	BP
GO:0043324	pigment metabolic process involved in de...	7	1	0.05	0.0529	1	BP
GO:0048753	pigment granule organization	7	1	0.05	0.0529	1	BP
GO:0060967	negative regulation of gene silencing by...	7	1	0.05	0.0529	1	BP
GO:0043474	pigment metabolic process involved in pi...	7	1	0.05	0.0529	1	BP
GO:0010586	miRNA metabolic process	7	1	0.05	0.0529	1	BP
GO:0050434	positive regulation of viral transcripti...	7	1	0.05	0.0529	1	BP
GO:0032365	intracellular lipid transport	7	1	0.05	0.0529	1	BP
GO:0042441	eye pigment metabolic process	7	1	0.05	0.0529	1	BP
GO:0031076	embryonic camera-type eye development	7	1	0.05	0.0529	1	BP
GO:1903320	regulation of protein modification by sm...	49	2	0.38	0.0529	1	BP
GO:0009792	embryo development ending in birth or eg...	194	4	1.5	0.0538	1	BP
GO:0006622	protein targeting to lysosome	8	1	0.06	0.0602	1	BP
GO:0097484	dendrite extension	8	1	0.06	0.0602	1	BP
GO:0070373	negative regulation of ERK1 and ERK2 cas...	8	1	0.06	0.0602	1	BP
GO:0030301	cholesterol transport	8	1	0.06	0.0602	1	BP
GO:0071359	cellular response to dsRNA	8	1	0.06	0.0602	1	BP
GO:0022611	dormancy process	8	1	0.06	0.0602	1	BP
GO:0008089	anterograde axonal transport	8	1	0.06	0.0602	1	BP
GO:0040029	regulation of gene expression, epigeneti...	53	2	0.41	0.0609	1	BP
GO:0044550	secondary metabolite biosynthetic proces...	9	1	0.07	0.0675	1	BP
GO:0043331	response to dsRNA	9	1	0.07	0.0675	1	BP
GO:0060964	regulation of miRNA-mediated gene silenc...	9	1	0.07	0.0675	1	BP
GO:0002092	positive regulation of receptor internal...	9	1	0.07	0.0675	1	BP
GO:0019083	viral transcription	9	1	0.07	0.0675	1	BP
GO:0061462	protein localization to lysosome	9	1	0.07	0.0675	1	BP
GO:2000369	regulation of clathrin-dependent endocyt...	9	1	0.07	0.0675	1	BP
GO:0046782	regulation of viral transcription	9	1	0.07	0.0675	1	BP
GO:0045724	positive regulation of cilium assembly	9	1	0.07	0.0675	1	BP
GO:0098609	cell-cell adhesion	63	3	0.49	0.0705	1	BP
GO:0006623	protein targeting to vacuole	10	1	0.08	0.0747	1	BP
GO:0006972	hyperosmotic response	10	1	0.08	0.0747	1	BP
GO:0033627	cell adhesion mediated by integrin	10	1	0.08	0.0747	1	BP
GO:0045138	nematode male tail tip morphogenesis	10	1	0.08	0.0747	1	BP
GO:0015918	sterol transport	10	1	0.08	0.0747	1	BP
GO:0033059	cellular pigmentation	10	1	0.08	0.0747	1	BP
GO:0043486	histone exchange	10	1	0.08	0.0747	1	BP
GO:0006334	nucleosome assembly	10	1	0.08	0.0747	1	BP
GO:0060282	positive regulation of oocyte developmen...	10	1	0.08	0.0747	1	BP
GO:0010876	lipid localization	62	2	0.48	0.0804	1	BP
GO:0008333	endosome to lysosome transport	11	1	0.08	0.0819	1	BP
GO:0047496	vesicle transport along microtubule	11	1	0.08	0.0819	1	BP
GO:1900368	regulation of post-transcriptional gene ...	11	1	0.08	0.0819	1	BP
GO:1905881	positive regulation of oogenesis	11	1	0.08	0.0819	1	BP
GO:0060147	regulation of post-transcriptional gene ...	11	1	0.08	0.0819	1	BP
GO:0048069	eye pigmentation	11	1	0.08	0.0819	1	BP
GO:0051235	maintenance of location	64	2	0.49	0.0849	1	BP
GO:0072666	establishment of protein localization to...	12	1	0.09	0.089	1	BP
GO:0043001	Golgi to plasma membrane protein transpo...	12	1	0.09	0.089	1	BP
GO:0045682	regulation of epidermis development	12	1	0.09	0.089	1	BP
GO:0016567	protein ubiquitination	142	3	1.1	0.0903	1	BP
GO:0002168	instar larval development	13	1	0.1	0.0961	1	BP
GO:0098930	axonal transport	13	1	0.1	0.0961	1	BP
GO:0099518	vesicle cytoskeletal trafficking	13	1	0.1	0.0961	1	BP
GO:0050775	positive regulation of dendrite morphoge...	13	1	0.1	0.0961	1	BP
GO:0019080	viral gene expression	15	2	0.12	0.0962	1	BP
GO:0032446	protein modification by small protein co...	148	3	1.14	0.0996	1	BP
GO:0044403	biological process involved in symbiotic...	71	2	0.55	0.1015	1	BP
GO:0040024	dauer larval development	14	1	0.11	0.1031	1	BP
GO:0072665	protein localization to vacuole	14	1	0.11	0.1031	1	BP
GO:0010883	regulation of lipid storage	14	1	0.11	0.1031	1	BP
GO:0061014	positive regulation of mRNA catabolic pr...	14	1	0.11	0.1031	1	BP
GO:0050779	RNA destabilization	14	1	0.11	0.1031	1	BP
GO:0031122	cytoplasmic microtubule organization	14	1	0.11	0.1031	1	BP
GO:0061951	establishment of protein localization to...	14	1	0.11	0.1031	1	BP
GO:0042733	embryonic digit morphogenesis	14	1	0.11	0.1031	1	BP
GO:0061157	mRNA destabilization	14	1	0.11	0.1031	1	BP
GO:0010172	embryonic body morphogenesis	15	1	0.12	0.1101	1	BP
GO:0008340	determination of adult lifespan	75	2	0.58	0.1114	1	BP
GO:0048701	embryonic cranial skeleton morphogenesis	16	1	0.12	0.117	1	BP
GO:0072384	organelle transport along microtubule	16	1	0.12	0.117	1	BP
GO:0021532	neural tube patterning	16	1	0.12	0.117	1	BP
GO:0045793	positive regulation of cell size	16	1	0.12	0.117	1	BP
GO:0060281	regulation of oocyte development	16	1	0.12	0.117	1	BP
GO:0010259	multicellular organism aging	78	2	0.6	0.119	1	BP
GO:0048193	Golgi vesicle transport	79	2	0.61	0.1215	1	BP
GO:0034660	ncRNA metabolic process	79	2	0.61	0.1215	1	BP
GO:0046148	pigment biosynthetic process	17	1	0.13	0.1239	1	BP
GO:0019748	secondary metabolic process	17	1	0.13	0.1239	1	BP
GO:0070828	heterochromatin organization	17	1	0.13	0.1239	1	BP
GO:0007040	lysosome organization	17	1	0.13	0.1239	1	BP
GO:0030856	regulation of epithelial cell differenti...	17	1	0.13	0.1239	1	BP
GO:0002090	regulation of receptor internalization	17	1	0.13	0.1239	1	BP
GO:0080171	lytic vacuole organization	17	1	0.13	0.1239	1	BP
GO:1905515	non-motile cilium assembly	17	1	0.13	0.1239	1	BP
GO:0006446	regulation of translational initiation	17	1	0.13	0.1239	1	BP
GO:0031346	positive regulation of cell projection o...	81	2	0.63	0.1267	1	BP
GO:0045185	maintenance of protein location	18	1	0.14	0.1307	1	BP
GO:0006893	Golgi to plasma membrane transport	18	1	0.14	0.1307	1	BP
GO:0051101	regulation of DNA binding	18	1	0.14	0.1307	1	BP
GO:0042795	snRNA transcription by RNA polymerase II	18	1	0.14	0.1307	1	BP
GO:0009301	snRNA transcription	18	1	0.14	0.1307	1	BP
GO:0072583	clathrin-dependent endocytosis	18	1	0.14	0.1307	1	BP
GO:0048260	positive regulation of receptor-mediated...	18	1	0.14	0.1307	1	BP
GO:0090598	male anatomical structure morphogenesis	18	1	0.14	0.1307	1	BP
GO:0048524	positive regulation of viral process	19	1	0.15	0.1375	1	BP
GO:0008543	fibroblast growth factor receptor signal...	19	1	0.15	0.1375	1	BP
GO:1903313	positive regulation of mRNA metabolic pr...	19	1	0.15	0.1375	1	BP
GO:1905879	regulation of oogenesis	19	1	0.15	0.1375	1	BP
GO:0120034	positive regulation of plasma membrane b...	20	1	0.15	0.1442	1	BP
GO:1902117	positive regulation of organelle assembl...	20	1	0.15	0.1442	1	BP
GO:0016073	snRNA metabolic process	20	1	0.15	0.1442	1	BP
GO:0043488	regulation of mRNA stability	20	1	0.15	0.1442	1	BP
GO:0007155	cell adhesion	97	3	0.75	0.1482	1	BP
GO:0061013	regulation of mRNA catabolic process	21	1	0.16	0.1509	1	BP
GO:1900006	positive regulation of dendrite developm...	21	1	0.16	0.1509	1	BP
GO:0051865	protein autoubiquitination	21	1	0.16	0.1509	1	BP
GO:0043433	negative regulation of DNA-binding trans...	21	1	0.16	0.1509	1	BP
GO:0034728	nucleosome organization	21	1	0.16	0.1509	1	BP
GO:0008088	axo-dendritic transport	21	1	0.16	0.1509	1	BP
GO:0070647	protein modification by small protein co...	181	3	1.4	0.1569	1	BP
GO:1904888	cranial skeletal system development	22	1	0.17	0.1576	1	BP
GO:0044344	cellular response to fibroblast growth f...	22	1	0.17	0.1576	1	BP
GO:0071774	response to fibroblast growth factor	22	1	0.17	0.1576	1	BP
GO:0031497	chromatin assembly	22	1	0.17	0.1576	1	BP
GO:0048704	embryonic skeletal system morphogenesis	22	1	0.17	0.1576	1	BP
GO:0043487	regulation of RNA stability	22	1	0.17	0.1576	1	BP
GO:0051100	negative regulation of binding	22	1	0.17	0.1576	1	BP
GO:0090090	negative regulation of canonical Wnt sig...	22	1	0.17	0.1576	1	BP
GO:0098781	ncRNA transcription	23	1	0.18	0.1641	1	BP
GO:0006970	response to osmotic stress	23	1	0.18	0.1641	1	BP
GO:0010171	body morphogenesis	23	1	0.18	0.1641	1	BP
GO:0048814	regulation of dendrite morphogenesis	23	1	0.18	0.1641	1	BP
GO:0070372	regulation of ERK1 and ERK2 cascade	24	1	0.19	0.1707	1	BP
GO:0000041	transition metal ion transport	24	1	0.19	0.1707	1	BP
GO:0030326	embryonic limb morphogenesis	24	1	0.19	0.1707	1	BP
GO:0035113	embryonic appendage morphogenesis	24	1	0.19	0.1707	1	BP
GO:0042440	pigment metabolic process	24	1	0.19	0.1707	1	BP
GO:0002164	larval development	98	2	0.76	0.1726	1	BP
GO:0010628	positive regulation of gene expression	290	4	2.24	0.1731	1	BP
GO:0019915	lipid storage	25	1	0.19	0.1772	1	BP
GO:0070371	ERK1 and ERK2 cascade	25	1	0.19	0.1772	1	BP
GO:0060606	tube closure	25	1	0.19	0.1772	1	BP
GO:0001843	neural tube closure	25	1	0.19	0.1772	1	BP
GO:0014020	primary neural tube formation	26	1	0.2	0.1836	1	BP
GO:0008589	regulation of smoothened signaling pathw...	26	1	0.2	0.1836	1	BP
GO:1905952	regulation of lipid localization	26	1	0.2	0.1836	1	BP
GO:0048066	developmental pigmentation	26	1	0.2	0.1836	1	BP
GO:0043112	receptor metabolic process	26	1	0.2	0.1836	1	BP
GO:0098657	import into cell	103	2	0.79	0.1867	1	BP
GO:0030178	negative regulation of Wnt signaling pat...	27	1	0.21	0.19	1	BP
GO:0035108	limb morphogenesis	27	1	0.21	0.19	1	BP
GO:0031124	mRNA 3'-end processing	27	1	0.21	0.19	1	BP
GO:0009790	embryo development	303	4	2.34	0.1941	1	BP
GO:2000177	regulation of neural precursor cell prol...	28	1	0.22	0.1963	1	BP
GO:0048706	embryonic skeletal system development	29	1	0.22	0.2026	1	BP
GO:0001841	neural tube formation	29	1	0.22	0.2026	1	BP
GO:0010970	transport along microtubule	33	2	0.25	0.2073	1	BP
GO:0050817	coagulation	30	1	0.23	0.2089	1	BP
GO:0065004	protein-DNA complex assembly	30	1	0.23	0.2089	1	BP
GO:0007596	blood coagulation	30	1	0.23	0.2089	1	BP
GO:0007599	hemostasis	30	1	0.23	0.2089	1	BP
GO:0015850	organic hydroxy compound transport	30	1	0.23	0.2089	1	BP
GO:0048259	regulation of receptor-mediated endocyto...	30	1	0.23	0.2089	1	BP
GO:0042127	regulation of cell population proliferat...	210	3	1.62	0.2148	1	BP
GO:0050792	regulation of viral process	31	1	0.24	0.2151	1	BP
GO:0043409	negative regulation of MAPK cascade	31	1	0.24	0.2151	1	BP
GO:0016071	mRNA metabolic process	115	2	0.89	0.2212	1	BP
GO:0060173	limb development	32	1	0.25	0.2213	1	BP
GO:2000243	positive regulation of reproductive proc...	32	1	0.25	0.2213	1	BP
GO:0099111	microtubule-based transport	36	2	0.28	0.2245	1	BP
GO:0045814	negative regulation of gene expression, ...	33	1	0.25	0.2274	1	BP
GO:0001838	embryonic epithelial tube formation	33	1	0.25	0.2274	1	BP
GO:0010720	positive regulation of cell development	119	2	0.92	0.2329	1	BP
GO:0050773	regulation of dendrite development	34	1	0.26	0.2335	1	BP
GO:0031123	RNA 3'-end processing	34	1	0.26	0.2335	1	BP
GO:0043009	chordate embryonic development	121	2	0.93	0.2387	1	BP
GO:0007568	aging	121	2	0.93	0.2387	1	BP
GO:0060538	skeletal muscle organ development	35	1	0.27	0.2395	1	BP
GO:0006402	mRNA catabolic process	35	1	0.27	0.2395	1	BP
GO:0007224	smoothened signaling pathway	35	1	0.27	0.2395	1	BP
GO:0048705	skeletal system morphogenesis	35	1	0.27	0.2395	1	BP
GO:0018991	oviposition	35	1	0.27	0.2395	1	BP
GO:0042461	photoreceptor cell development	35	1	0.27	0.2395	1	BP
GO:0071103	DNA conformation change	35	1	0.27	0.2395	1	BP
GO:0010770	positive regulation of cell morphogenesi...	35	1	0.27	0.2395	1	BP
GO:0097480	establishment of synaptic vesicle locali...	36	1	0.28	0.2455	1	BP
GO:0000082	G1/S transition of mitotic cell cycle	36	1	0.28	0.2455	1	BP
GO:0043903	regulation of biological process involve...	36	1	0.28	0.2455	1	BP
GO:0006325	chromatin organization	125	2	0.96	0.2505	1	BP
GO:0072175	epithelial tube formation	37	1	0.29	0.2514	1	BP
GO:0044706	multi-multicellular organism process	37	1	0.29	0.2514	1	BP
GO:0006338	chromatin remodeling	37	1	0.29	0.2514	1	BP
GO:0060041	retina development in camera-type eye	38	1	0.29	0.2573	1	BP
GO:0006464	cellular protein modification process	572	6	4.41	0.259	1	BP
GO:0036211	protein modification process	572	6	4.41	0.259	1	BP
GO:0046907	intracellular transport	369	5	2.85	0.2614	1	BP
GO:0007368	determination of left/right symmetry	39	1	0.3	0.2632	1	BP
GO:0098876	vesicle-mediated transport to the plasma...	39	1	0.3	0.2632	1	BP
GO:0043473	pigmentation	39	1	0.3	0.2632	1	BP
GO:0046661	male sex differentiation	39	1	0.3	0.2632	1	BP
GO:0007605	sensory perception of sound	39	1	0.3	0.2632	1	BP
GO:0010604	positive regulation of macromolecule met...	460	5	3.55	0.2685	1	BP
GO:0022407	regulation of cell-cell adhesion	44	2	0.34	0.2688	1	BP
GO:0048489	synaptic vesicle transport	40	1	0.31	0.269	1	BP
GO:0097479	synaptic vesicle localization	40	1	0.31	0.269	1	BP
GO:0007033	vacuole organization	40	1	0.31	0.269	1	BP
GO:0071824	protein-DNA complex subunit organization	40	1	0.31	0.269	1	BP
GO:0030307	positive regulation of cell growth	40	1	0.31	0.269	1	BP
GO:0006401	RNA catabolic process	41	1	0.32	0.2747	1	BP
GO:0009855	determination of bilateral symmetry	41	1	0.32	0.2747	1	BP
GO:0044843	cell cycle G1/S phase transition	41	1	0.32	0.2747	1	BP
GO:0009799	specification of symmetry	41	1	0.32	0.2747	1	BP
GO:0031323	regulation of cellular metabolic process	765	8	5.9	0.2798	1	BP
GO:0006869	lipid transport	42	1	0.32	0.2805	1	BP
GO:0035148	tube formation	42	1	0.32	0.2805	1	BP
GO:0044092	negative regulation of molecular functio...	136	2	1.05	0.283	1	BP
GO:0006396	RNA processing	137	2	1.06	0.286	1	BP
GO:0009913	epidermal cell differentiation	43	1	0.33	0.2862	1	BP
GO:0045807	positive regulation of endocytosis	43	1	0.33	0.2862	1	BP
GO:0001708	cell fate specification	43	1	0.33	0.2862	1	BP
GO:0051254	positive regulation of RNA metabolic pro...	245	3	1.89	0.2908	1	BP
GO:0031399	regulation of protein modification proce...	245	3	1.89	0.2908	1	BP
GO:0072659	protein localization to plasma membrane	44	1	0.34	0.2918	1	BP
GO:0060828	regulation of canonical Wnt signaling pa...	45	1	0.35	0.2974	1	BP
GO:0043412	macromolecule modification	599	6	4.62	0.3006	1	BP
GO:0051090	regulation of DNA-binding transcription ...	46	1	0.36	0.303	1	BP
GO:0006352	DNA-templated transcription, initiation	47	1	0.36	0.3085	1	BP
GO:1990138	neuron projection extension	47	1	0.36	0.3085	1	BP
GO:0045597	positive regulation of cell differentiat...	158	3	1.22	0.3123	1	BP
GO:1903311	regulation of mRNA metabolic process	48	1	0.37	0.314	1	BP
GO:0034470	ncRNA processing	48	1	0.37	0.314	1	BP
GO:0050954	sensory perception of mechanical stimulu...	48	1	0.37	0.314	1	BP
GO:0009893	positive regulation of metabolic process	495	5	3.82	0.3279	1	BP
GO:0009408	response to heat	52	1	0.4	0.3355	1	BP
GO:0099003	vesicle-mediated transport in synapse	52	1	0.4	0.3355	1	BP
GO:0006470	protein dephosphorylation	52	1	0.4	0.3355	1	BP
GO:0060255	regulation of macromolecule metabolic pr...	735	8	5.67	0.3367	1	BP
GO:0072089	stem cell proliferation	53	1	0.41	0.3408	1	BP
GO:0090150	establishment of protein localization to...	53	1	0.41	0.3408	1	BP
GO:0048599	oocyte development	53	1	0.41	0.3408	1	BP
GO:0048598	embryonic morphogenesis	157	2	1.21	0.3451	1	BP
GO:0061351	neural precursor cell proliferation	54	1	0.42	0.346	1	BP
GO:0046530	photoreceptor cell differentiation	54	1	0.42	0.346	1	BP
GO:0045935	positive regulation of nucleobase-contai...	271	3	2.09	0.3495	1	BP
GO:0016032	viral process	60	2	0.46	0.3505	1	BP
GO:0007017	microtubule-based process	172	3	1.33	0.3509	1	BP
GO:1990778	protein localization to cell periphery	55	1	0.42	0.3512	1	BP
GO:0008361	regulation of cell size	56	1	0.43	0.3564	1	BP
GO:0050878	regulation of body fluid levels	57	1	0.44	0.3615	1	BP
GO:2000241	regulation of reproductive process	57	1	0.44	0.3615	1	BP
GO:0009994	oocyte differentiation	58	1	0.45	0.3666	1	BP
GO:0051098	regulation of binding	58	1	0.45	0.3666	1	BP
GO:0008283	cell population proliferation	279	3	2.15	0.3677	1	BP
GO:0008544	epidermis development	59	1	0.46	0.3716	1	BP
GO:0030111	regulation of Wnt signaling pathway	60	1	0.46	0.3766	1	BP
GO:0016331	morphogenesis of embryonic epithelium	61	1	0.47	0.3816	1	BP
GO:0051171	regulation of nitrogen compound metaboli...	700	7	5.4	0.383	1	BP
GO:0033036	macromolecule localization	485	6	3.74	0.3862	1	BP
GO:0030100	regulation of endocytosis	62	1	0.48	0.3865	1	BP
GO:0043687	post-translational protein modification	62	1	0.48	0.3865	1	BP
GO:0030155	regulation of cell adhesion	68	2	0.52	0.3881	1	BP
GO:0048639	positive regulation of developmental gro...	63	1	0.49	0.3915	1	BP
GO:0048813	dendrite morphogenesis	63	1	0.49	0.3915	1	BP
GO:0010769	regulation of cell morphogenesis involve...	63	1	0.49	0.3915	1	BP
GO:0010976	positive regulation of neuron projection...	64	1	0.49	0.3963	1	BP
GO:0007015	actin filament organization	64	1	0.49	0.3963	1	BP
GO:0048588	developmental cell growth	64	1	0.49	0.3963	1	BP
GO:0048562	embryonic organ morphogenesis	65	1	0.5	0.4011	1	BP
GO:0006417	regulation of translation	72	2	0.56	0.4061	1	BP
GO:0001501	skeletal system development	67	1	0.52	0.4107	1	BP
GO:0019098	reproductive behavior	67	1	0.52	0.4107	1	BP
GO:0007517	muscle organ development	67	1	0.52	0.4107	1	BP
GO:0001933	negative regulation of protein phosphory...	67	1	0.52	0.4107	1	BP
GO:0007018	microtubule-based movement	74	2	0.57	0.415	1	BP
GO:0043010	camera-type eye development	68	1	0.52	0.4154	1	BP
GO:0006605	protein targeting	68	1	0.52	0.4154	1	BP
GO:0080090	regulation of primary metabolic process	723	7	5.58	0.4202	1	BP
GO:0045892	negative regulation of transcription, DN...	183	2	1.41	0.4203	1	BP
GO:2000112	regulation of cellular macromolecule bio...	458	5	3.53	0.4227	1	BP
GO:1902679	negative regulation of RNA biosynthetic ...	185	2	1.43	0.426	1	BP
GO:1903507	negative regulation of nucleic acid-temp...	185	2	1.43	0.426	1	BP
GO:0002119	nematode larval development	71	1	0.55	0.4294	1	BP
GO:0072001	renal system development	71	1	0.55	0.4294	1	BP
GO:0051276	chromosome organization	187	2	1.44	0.4316	1	BP
GO:0009791	post-embryonic development	187	2	1.44	0.4316	1	BP
GO:0060560	developmental growth involved in morphog...	72	1	0.56	0.434	1	BP
GO:0051650	establishment of vesicle localization	73	1	0.56	0.4385	1	BP
GO:0001558	regulation of cell growth	73	1	0.56	0.4385	1	BP
GO:0051252	regulation of RNA metabolic process	434	4	3.35	0.4407	1	BP
GO:0051648	vesicle localization	74	1	0.57	0.443	1	BP
GO:0001655	urogenital system development	74	1	0.57	0.443	1	BP
GO:0090132	epithelium migration	74	1	0.57	0.443	1	BP
GO:0034655	nucleobase-containing compound catabolic...	74	1	0.57	0.443	1	BP
GO:0090130	tissue migration	75	1	0.58	0.4475	1	BP
GO:0010556	regulation of macromolecule biosynthetic...	476	5	3.67	0.4561	1	BP
GO:0051172	negative regulation of nitrogen compound...	343	4	2.65	0.4562	1	BP
GO:0042060	wound healing	77	1	0.59	0.4564	1	BP
GO:0042326	negative regulation of phosphorylation	77	1	0.59	0.4564	1	BP
GO:0044270	cellular nitrogen compound catabolic pro...	78	1	0.6	0.4607	1	BP
GO:0046700	heterocycle catabolic process	78	1	0.6	0.4607	1	BP
GO:1903829	positive regulation of protein localizat...	79	1	0.61	0.4651	1	BP
GO:0007548	sex differentiation	79	1	0.61	0.4651	1	BP
GO:0016311	dephosphorylation	79	1	0.61	0.4651	1	BP
GO:0019222	regulation of metabolic process	819	8	6.32	0.466	1	BP
GO:0031325	positive regulation of cellular metaboli...	447	4	3.45	0.4662	1	BP
GO:0010605	negative regulation of macromolecule met...	386	5	2.98	0.467	1	BP
GO:0051253	negative regulation of RNA metabolic pro...	200	2	1.54	0.4677	1	BP
GO:0009266	response to temperature stimulus	80	1	0.62	0.4694	1	BP
GO:0034248	regulation of cellular amide metabolic p...	87	2	0.67	0.4695	1	BP
GO:0044419	biological process involved in interspec...	202	2	1.56	0.4731	1	BP
GO:0019439	aromatic compound catabolic process	81	1	0.63	0.4737	1	BP
GO:2000113	negative regulation of cellular macromol...	220	3	1.7	0.478	1	BP
GO:0032504	multicellular organism reproduction	328	3	2.53	0.478	1	BP
GO:0051649	establishment of localization in cell	488	5	3.77	0.4782	1	BP
GO:0032268	regulation of cellular protein metabolic...	354	4	2.73	0.4791	1	BP
GO:1901361	organic cyclic compound catabolic proces...	83	1	0.64	0.4822	1	BP
GO:0010608	post-transcriptional regulation of gene ...	91	2	0.7	0.4853	1	BP
GO:0006397	mRNA processing	84	1	0.65	0.4864	1	BP
GO:0045666	positive regulation of neuron differenti...	84	1	0.65	0.4864	1	BP
GO:0010558	negative regulation of macromolecule bio...	224	3	1.73	0.488	1	BP
GO:0060284	regulation of cell development	208	2	1.61	0.4893	1	BP
GO:0032535	regulation of cellular component size	85	1	0.66	0.4905	1	BP
GO:0045927	positive regulation of growth	85	1	0.66	0.4905	1	BP
GO:0044772	mitotic cell cycle phase transition	85	1	0.66	0.4905	1	BP
GO:0035107	appendage morphogenesis	85	1	0.66	0.4905	1	BP
GO:0010468	regulation of gene expression	544	6	4.2	0.4917	1	BP
GO:0051130	positive regulation of cellular componen...	227	3	1.75	0.4955	1	BP
GO:0051094	positive regulation of developmental pro...	228	3	1.76	0.498	1	BP
GO:0031331	positive regulation of cellular cataboli...	87	1	0.67	0.4987	1	BP
GO:0072594	establishment of protein localization to...	87	1	0.67	0.4987	1	BP
GO:0031326	regulation of cellular biosynthetic proc...	500	5	3.86	0.5001	1	BP
GO:0016050	vesicle organization	88	1	0.68	0.5028	1	BP
GO:0045893	positive regulation of transcription, DN...	216	2	1.67	0.5105	1	BP
GO:0048736	appendage development	90	1	0.69	0.5108	1	BP
GO:0009889	regulation of biosynthetic process	506	5	3.91	0.511	1	BP
GO:0031327	negative regulation of cellular biosynth...	236	3	1.82	0.5176	1	BP
GO:0031324	negative regulation of cellular metaboli...	373	4	2.88	0.5178	1	BP
GO:0045934	negative regulation of nucleobase-contai...	220	2	1.7	0.5209	1	BP
GO:0009890	negative regulation of biosynthetic proc...	238	3	1.84	0.5225	1	BP
GO:0022604	regulation of cell morphogenesis	93	1	0.72	0.5227	1	BP
GO:0051246	regulation of protein metabolic process	376	4	2.9	0.5238	1	BP
GO:0006979	response to oxidative stress	94	1	0.73	0.5265	1	BP
GO:0071407	cellular response to organic cyclic comp...	94	1	0.73	0.5265	1	BP
GO:0019219	regulation of nucleobase-containing comp...	480	4	3.7	0.5299	1	BP
GO:0045936	negative regulation of phosphate metabol...	95	1	0.73	0.5304	1	BP
GO:0010563	negative regulation of phosphorus metabo...	95	1	0.73	0.5304	1	BP
GO:0009968	negative regulation of signal transducti...	224	2	1.73	0.5312	1	BP
GO:1902680	positive regulation of RNA biosynthetic ...	225	2	1.74	0.5337	1	BP
GO:1903508	positive regulation of nucleic acid-temp...	225	2	1.74	0.5337	1	BP
GO:0009611	response to wounding	96	1	0.74	0.5342	1	BP
GO:0048568	embryonic organ development	96	1	0.74	0.5342	1	BP
GO:0048522	positive regulation of cellular process	713	7	5.5	0.5403	1	BP
GO:0045165	cell fate commitment	98	1	0.76	0.5418	1	BP
GO:0008285	negative regulation of cell population p...	98	1	0.76	0.5418	1	BP
GO:0031400	negative regulation of protein modificat...	98	1	0.76	0.5418	1	BP
GO:0043408	regulation of MAPK cascade	98	1	0.76	0.5418	1	BP
GO:0009892	negative regulation of metabolic process	426	5	3.29	0.5433	1	BP
GO:0010638	positive regulation of organelle organiz...	107	2	0.83	0.5443	1	BP
GO:0044260	cellular macromolecule metabolic process	1010	9	7.79	0.5448	1	BP
GO:0097435	supramolecular fiber organization	101	1	0.78	0.5529	1	BP
GO:0008104	protein localization	434	5	3.35	0.5552	1	BP
GO:0035295	tube development	234	2	1.81	0.5563	1	BP
GO:0070848	response to growth factor	102	1	0.79	0.5566	1	BP
GO:0071363	cellular response to growth factor stimu...	102	1	0.79	0.5566	1	BP
GO:0072657	protein localization to membrane	103	1	0.79	0.5602	1	BP
GO:0002165	instar larval or pupal development	103	1	0.79	0.5602	1	BP
GO:0050769	positive regulation of neurogenesis	103	1	0.79	0.5602	1	BP
GO:0044089	positive regulation of cellular componen...	103	1	0.79	0.5602	1	BP
GO:0051240	positive regulation of multicellular org...	255	3	1.97	0.5625	1	BP
GO:0008284	positive regulation of cell population p...	104	1	0.8	0.5638	1	BP
GO:0010629	negative regulation of gene expression	288	4	2.22	0.5677	1	BP
GO:0016049	cell growth	106	1	0.82	0.5709	1	BP
GO:0009896	positive regulation of catabolic process	107	1	0.83	0.5744	1	BP
GO:0044770	cell cycle phase transition	107	1	0.83	0.5744	1	BP
GO:0007507	heart development	108	1	0.83	0.5779	1	BP
GO:0007600	sensory perception	108	1	0.83	0.5779	1	BP
GO:0051641	cellular localization	598	6	4.62	0.5805	1	BP
GO:0061061	muscle structure development	110	1	0.85	0.5848	1	BP
GO:0010975	regulation of neuron projection developm...	111	1	0.86	0.5882	1	BP
GO:0010648	negative regulation of cell communicatio...	248	2	1.91	0.5901	1	BP
GO:0023057	negative regulation of signaling	248	2	1.91	0.5901	1	BP
GO:0048523	negative regulation of cellular process	690	6	5.33	0.5905	1	BP
GO:0051962	positive regulation of nervous system de...	112	1	0.86	0.5916	1	BP
GO:0006355	regulation of transcription, DNA-templat...	383	3	2.96	0.5936	1	BP
GO:1902532	negative regulation of intracellular sig...	113	1	0.87	0.595	1	BP
GO:0071702	organic substance transport	384	3	2.96	0.5955	1	BP
GO:0019438	aromatic compound biosynthetic process	516	4	3.98	0.5965	1	BP
GO:0018130	heterocycle biosynthetic process	516	4	3.98	0.5965	1	BP
GO:0032879	regulation of localization	414	4	3.2	0.5972	1	BP
GO:0060627	regulation of vesicle-mediated transport	114	1	0.88	0.5983	1	BP
GO:0022402	cell cycle process	252	2	1.94	0.5995	1	BP
GO:0006897	endocytosis	125	2	0.96	0.6031	1	BP
GO:0065009	regulation of molecular function	388	3	2.99	0.6034	1	BP
GO:0030036	actin cytoskeleton organization	117	1	0.9	0.6082	1	BP
GO:0007169	transmembrane receptor protein tyrosine ...	117	1	0.9	0.6082	1	BP
GO:0010557	positive regulation of macromolecule bio...	257	2	1.98	0.611	1	BP
GO:1903506	regulation of nucleic acid-templated tra...	393	3	3.03	0.6131	1	BP
GO:2001141	regulation of RNA biosynthetic process	393	3	3.03	0.6131	1	BP
GO:0000165	MAPK cascade	121	1	0.93	0.6209	1	BP
GO:1901362	organic cyclic compound biosynthetic pro...	533	4	4.11	0.6264	1	BP
GO:0051656	establishment of organelle localization	123	1	0.95	0.6272	1	BP
GO:0034613	cellular protein localization	320	4	2.47	0.6296	1	BP
GO:0000226	microtubule cytoskeleton organization	124	1	0.96	0.6303	1	BP
GO:0048518	positive regulation of biological proces...	775	7	5.98	0.6358	1	BP
GO:0048638	regulation of developmental growth	126	1	0.97	0.6364	1	BP
GO:0090066	regulation of anatomical structure size	126	1	0.97	0.6364	1	BP
GO:0051668	localization within membrane	127	1	0.98	0.6394	1	BP
GO:0030001	metal ion transport	127	1	0.98	0.6394	1	BP
GO:0031328	positive regulation of cellular biosynth...	270	2	2.08	0.6398	1	BP
GO:0048585	negative regulation of response to stimu...	271	2	2.09	0.642	1	BP
GO:0000003	reproduction	410	3	3.16	0.6452	1	BP
GO:1901699	cellular response to nitrogen compound	129	1	1	0.6453	1	BP
GO:0006887	exocytosis	129	1	1	0.6453	1	BP
GO:0045595	regulation of cell differentiation	294	3	2.27	0.6465	1	BP
GO:0009891	positive regulation of biosynthetic proc...	274	2	2.11	0.6484	1	BP
GO:0070727	cellular macromolecule localization	330	4	2.55	0.6487	1	BP
GO:0033365	protein localization to organelle	165	3	1.27	0.6494	1	BP
GO:0030029	actin filament-based process	132	1	1.02	0.6541	1	BP
GO:0016070	RNA metabolic process	550	4	4.24	0.6553	1	BP
GO:0000122	negative regulation of transcription by ...	133	1	1.03	0.657	1	BP
GO:0006351	transcription, DNA-templated	418	3	3.23	0.6597	1	BP
GO:0010564	regulation of cell cycle process	134	1	1.03	0.6599	1	BP
GO:0097659	nucleic acid-templated transcription	425	3	3.28	0.6722	1	BP
GO:0051338	regulation of transferase activity	139	1	1.07	0.6738	1	BP
GO:0032774	RNA biosynthetic process	426	3	3.29	0.6739	1	BP
GO:0032269	negative regulation of cellular protein ...	151	2	1.17	0.6759	1	BP
GO:0009966	regulation of signal transduction	429	3	3.31	0.6791	1	BP
GO:0051173	positive regulation of nitrogen compound...	429	3	3.31	0.6791	1	BP
GO:0060562	epithelial tube morphogenesis	141	1	1.09	0.6792	1	BP
GO:0015031	protein transport	290	2	2.24	0.6813	1	BP
GO:0150063	visual system development	142	1	1.1	0.6819	1	BP
GO:0001654	eye development	142	1	1.1	0.6819	1	BP
GO:0072359	circulatory system development	143	1	1.1	0.6846	1	BP
GO:0051248	negative regulation of protein metabolic...	155	2	1.2	0.6859	1	BP
GO:0015833	peptide transport	294	2	2.27	0.6892	1	BP
GO:0048880	sensory system development	145	1	1.12	0.6899	1	BP
GO:0030855	epithelial cell differentiation	146	1	1.13	0.6925	1	BP
GO:0006357	regulation of transcription by RNA polym...	297	2	2.29	0.695	1	BP
GO:0045664	regulation of neuron differentiation	147	1	1.13	0.695	1	BP
GO:0060429	epithelium development	298	2	2.3	0.6969	1	BP
GO:0042886	amide transport	299	2	2.31	0.6988	1	BP
GO:0065008	regulation of biological quality	580	4	4.48	0.7033	1	BP
GO:0045184	establishment of protein localization	303	2	2.34	0.7064	1	BP
GO:0003002	regionalization	152	1	1.17	0.7076	1	BP
GO:0007049	cell cycle	306	2	2.36	0.712	1	BP
GO:0051050	positive regulation of transport	166	2	1.28	0.712	1	BP
GO:0014070	response to organic cyclic compound	154	1	1.19	0.7126	1	BP
GO:0048477	oogenesis	157	1	1.21	0.7198	1	BP
GO:0007167	enzyme linked receptor protein signaling...	158	1	1.22	0.7221	1	BP
GO:0016192	vesicle-mediated transport	336	3	2.59	0.7238	1	BP
GO:1903047	mitotic cell cycle process	159	1	1.23	0.7245	1	BP
GO:0046483	heterocycle metabolic process	731	5	5.64	0.7292	1	BP
GO:0051640	organelle localization	162	1	1.25	0.7314	1	BP
GO:0022603	regulation of anatomical structure morph...	162	1	1.25	0.7314	1	BP
GO:0060341	regulation of cellular localization	177	2	1.37	0.7361	1	BP
GO:0031329	regulation of cellular catabolic process	165	1	1.27	0.7382	1	BP
GO:0006725	cellular aromatic compound metabolic pro...	738	5	5.7	0.739	1	BP
GO:0007292	female gamete generation	167	1	1.29	0.7426	1	BP
GO:0007389	pattern specification process	168	1	1.3	0.7448	1	BP
GO:0006812	cation transport	168	1	1.3	0.7448	1	BP
GO:2000026	regulation of multicellular organismal d...	349	3	2.69	0.745	1	BP
GO:0006366	transcription by RNA polymerase II	325	2	2.51	0.7455	1	BP
GO:0048609	multicellular organismal reproductive pr...	326	2	2.52	0.7471	1	BP
GO:0007423	sensory organ development	183	2	1.41	0.7484	1	BP
GO:0044267	cellular protein metabolic process	706	6	5.45	0.7502	1	BP
GO:0090304	nucleic acid metabolic process	614	4	4.74	0.7528	1	BP
GO:0007166	cell surface receptor signaling pathway	355	3	2.74	0.7544	1	BP
GO:0048667	cell morphogenesis involved in neuron di...	175	1	1.35	0.7596	1	BP
GO:0032880	regulation of protein localization	175	1	1.35	0.7596	1	BP
GO:0035239	tube morphogenesis	176	1	1.36	0.7617	1	BP
GO:0040008	regulation of growth	176	1	1.36	0.7617	1	BP
GO:0001932	regulation of protein phosphorylation	176	1	1.36	0.7617	1	BP
GO:0045944	positive regulation of transcription by ...	177	1	1.37	0.7637	1	BP
GO:1901360	organic cyclic compound metabolic proces...	763	5	5.89	0.7721	1	BP
GO:0120039	plasma membrane bounded cell projection ...	182	1	1.4	0.7737	1	BP
GO:0048812	neuron projection morphogenesis	182	1	1.4	0.7737	1	BP
GO:0009653	anatomical structure morphogenesis	491	3	3.79	0.7754	1	BP
GO:0048858	cell projection morphogenesis	183	1	1.41	0.7756	1	BP
GO:0006810	transport	727	6	5.61	0.7757	1	BP
GO:0010646	regulation of cell communication	492	3	3.8	0.7768	1	BP
GO:0050767	regulation of neurogenesis	184	1	1.42	0.7776	1	BP
GO:0044265	cellular macromolecule catabolic process	184	1	1.42	0.7776	1	BP
GO:0071705	nitrogen compound transport	346	2	2.67	0.779	1	BP
GO:0002009	morphogenesis of an epithelium	185	1	1.43	0.7795	1	BP
GO:0023051	regulation of signaling	498	3	3.84	0.7848	1	BP
GO:0032990	cell part morphogenesis	188	1	1.45	0.7851	1	BP
GO:0006886	intracellular protein transport	189	1	1.46	0.787	1	BP
GO:0000904	cell morphogenesis involved in different...	190	1	1.47	0.7888	1	BP
GO:0009894	regulation of catabolic process	191	1	1.47	0.7906	1	BP
GO:0048519	negative regulation of biological proces...	747	6	5.77	0.7912	1	BP
GO:0034654	nucleobase-containing compound biosynthe...	503	3	3.88	0.7914	1	BP
GO:0043170	macromolecule metabolic process	1127	9	8.7	0.793	1	BP
GO:0048729	tissue morphogenesis	196	1	1.51	0.7995	1	BP
GO:0051234	establishment of localization	748	6	5.77	0.7996	1	BP
GO:0019538	protein metabolic process	749	6	5.78	0.8006	1	BP
GO:0007281	germ cell development	197	1	1.52	0.8012	1	BP
GO:0048646	anatomical structure formation involved ...	197	1	1.52	0.8012	1	BP
GO:0000278	mitotic cell cycle	197	1	1.52	0.8012	1	BP
GO:0009888	tissue development	367	2	2.83	0.8089	1	BP
GO:0034645	cellular macromolecule biosynthetic proc...	596	5	4.6	0.809	1	BP
GO:0042325	regulation of phosphorylation	203	1	1.57	0.8114	1	BP
GO:0048589	developmental growth	204	1	1.57	0.813	1	BP
GO:0051726	regulation of cell cycle	205	1	1.58	0.8146	1	BP
GO:1901698	response to nitrogen compound	206	1	1.59	0.8162	1	BP
GO:0044249	cellular biosynthetic process	764	6	5.9	0.8166	1	BP
GO:0050877	nervous system process	209	1	1.61	0.821	1	BP
GO:0050794	regulation of cellular process	1180	10	9.11	0.8241	1	BP
GO:0044271	cellular nitrogen compound biosynthetic ...	611	5	4.72	0.825	1	BP
GO:1901576	organic substance biosynthetic process	774	6	5.97	0.8267	1	BP
GO:0009058	biosynthetic process	778	6	6	0.8307	1	BP
GO:0009059	macromolecule biosynthetic process	617	5	4.76	0.8311	1	BP
GO:0071495	cellular response to endogenous stimulus	217	1	1.67	0.8331	1	BP
GO:0051960	regulation of nervous system development	217	1	1.67	0.8331	1	BP
GO:0010467	gene expression	677	6	5.22	0.834	1	BP
GO:0022412	cellular process involved in reproductio...	221	1	1.71	0.8389	1	BP
GO:0007010	cytoskeleton organization	225	1	1.74	0.8445	1	BP
GO:0006811	ion transport	227	1	1.75	0.8472	1	BP
GO:0048583	regulation of response to stimulus	551	3	4.25	0.8473	1	BP
GO:0000902	cell morphogenesis	230	1	1.78	0.8512	1	BP
GO:0022414	reproductive process	402	2	3.1	0.8516	1	BP
GO:0009057	macromolecule catabolic process	231	1	1.78	0.8526	1	BP
GO:0050793	regulation of developmental process	436	3	3.36	0.8568	1	BP
GO:0032940	secretion by cell	236	1	1.82	0.859	1	BP
GO:0051174	regulation of phosphorus metabolic proce...	237	1	1.83	0.8602	1	BP
GO:0019220	regulation of phosphate metabolic proces...	237	1	1.83	0.8602	1	BP
GO:0006139	nucleobase-containing compound metabolic...	708	4	5.46	0.8609	1	BP
GO:0032989	cellular component morphogenesis	238	1	1.84	0.8615	1	BP
GO:0140352	export from cell	241	1	1.86	0.8651	1	BP
GO:0006468	protein phosphorylation	243	1	1.88	0.8675	1	BP
GO:0050789	regulation of biological process	1235	10	9.53	0.8694	1	BP
GO:0006996	organelle organization	671	5	5.18	0.8732	1	BP
GO:0009887	animal organ morphogenesis	250	1	1.93	0.8756	1	BP
GO:0040007	growth	254	1	1.96	0.88	1	BP
GO:1902531	regulation of intracellular signal trans...	255	1	1.97	0.8811	1	BP
GO:0009719	response to endogenous stimulus	257	1	1.98	0.8832	1	BP
GO:0046903	secretion	258	1	1.99	0.8842	1	BP
GO:0007610	behavior	258	1	1.99	0.8842	1	BP
GO:0008152	metabolic process	1362	10	10.51	0.8843	1	BP
GO:0009628	response to abiotic stimulus	261	1	2.01	0.8873	1	BP
GO:0007276	gamete generation	262	1	2.02	0.8883	1	BP
GO:0051239	regulation of multicellular organismal p...	471	3	3.64	0.8886	1	BP
GO:0006796	phosphate-containing compound metabolic ...	440	2	3.4	0.8888	1	BP
GO:0006793	phosphorus metabolic process	441	2	3.4	0.8896	1	BP
GO:0065003	protein-containing complex assembly	286	2	2.21	0.8926	1	BP
GO:0048666	neuron development	288	2	2.22	0.8944	1	BP
GO:0051179	localization	927	7	7.15	0.8958	1	BP
GO:0007399	nervous system development	481	3	3.71	0.8966	1	BP
GO:0051049	regulation of transport	296	2	2.28	0.9014	1	BP
GO:0007165	signal transduction	666	4	5.14	0.9095	1	BP
GO:0003008	system process	287	1	2.21	0.9111	1	BP
GO:0048468	cell development	503	3	3.88	0.9124	1	BP
GO:0050790	regulation of catalytic activity	290	1	2.24	0.9136	1	BP
GO:0044237	cellular metabolic process	1311	9	10.12	0.9151	1	BP
GO:0016043	cellular component organization	960	7	7.41	0.9168	1	BP
GO:0019953	sexual reproduction	298	1	2.3	0.9197	1	BP
GO:0071840	cellular component organization or bioge...	971	7	7.49	0.9229	1	BP
GO:0003006	developmental process involved in reprod...	306	1	2.36	0.9255	1	BP
GO:1901564	organonitrogen compound metabolic proces...	906	6	6.99	0.9266	1	BP
GO:0044703	multi-organism reproductive process	309	1	2.38	0.9275	1	BP
GO:0006928	movement of cell or subcellular componen...	332	2	2.56	0.9279	1	BP
GO:0016310	phosphorylation	310	1	2.39	0.9282	1	BP
GO:0030182	neuron differentiation	333	2	2.57	0.9286	1	BP
GO:0065007	biological regulation	1327	10	10.24	0.9317	1	BP
GO:0043933	protein-containing complex organization	339	2	2.62	0.9323	1	BP
GO:0048513	animal organ development	580	4	4.48	0.9347	1	BP
GO:1901575	organic substance catabolic process	323	1	2.49	0.9365	1	BP
GO:0071704	organic substance metabolic process	1305	9	10.07	0.9403	1	BP
GO:0006807	nitrogen compound metabolic process	1223	8	9.44	0.9411	1	BP
GO:0048699	generation of neurons	362	2	2.79	0.9448	1	BP
GO:0023052	signaling	733	4	5.66	0.9458	1	BP
GO:0071310	cellular response to organic substance	343	1	2.65	0.9475	1	BP
GO:0007154	cell communication	740	4	5.71	0.9487	1	BP
GO:0044238	primary metabolic process	1248	8	9.63	0.9529	1	BP
GO:0022008	neurogenesis	382	2	2.95	0.954	1	BP
GO:0044248	cellular catabolic process	357	1	2.76	0.9541	1	BP
GO:0035556	intracellular signal transduction	362	1	2.79	0.9562	1	BP
GO:0034641	cellular nitrogen compound metabolic pro...	821	5	6.34	0.9596	1	BP
GO:0051128	regulation of cellular component organiz...	436	3	3.36	0.9599	1	BP
GO:0006950	response to stress	566	2	4.37	0.9614	1	BP
GO:0030154	cell differentiation	652	4	5.03	0.9631	1	BP
GO:0048869	cellular developmental process	664	4	5.12	0.9667	1	BP
GO:0009056	catabolic process	392	1	3.03	0.9674	1	BP
GO:0007275	multicellular organism development	849	5	6.55	0.968	1	BP
GO:0070887	cellular response to chemical stimulus	394	1	3.04	0.968	1	BP
GO:0022607	cellular component assembly	507	4	3.91	0.9706	1	BP
GO:0032501	multicellular organismal process	1020	6	7.87	0.9709	1	BP
GO:0044085	cellular component biogenesis	525	4	4.05	0.9748	1	BP
GO:0051716	cellular response to stimulus	847	4	6.54	0.98	1	BP
GO:0010033	response to organic substance	442	1	3.41	0.9803	1	BP
GO:0048856	anatomical structure development	906	5	6.99	0.9807	1	BP
GO:0048731	system development	728	4	5.62	0.9809	1	BP
GO:0009987	cellular process	1765	13	13.62	0.9814	1	BP
GO:0050896	response to stimulus	1057	5	8.16	0.9891	1	BP
GO:0032502	developmental process	975	5	7.52	0.9901	1	BP
GO:0042221	response to chemical	592	1	4.57	0.9961	1	BP
GO:0120031	plasma membrane bounded cell projection ...	109	2	0.84	1	1	BP
GO:0045621	positive regulation of lymphocyte differ...	10	1	0.08	1	1	BP
GO:0002475	antigen processing and presentation via ...	1	1	0.01	1	1	BP
GO:0120032	regulation of plasma membrane bounded ce...	34	2	0.26	1	1	BP
GO:0120035	regulation of plasma membrane bounded ce...	141	2	1.09	1	1	BP
GO:0120036	plasma membrane bounded cell projection ...	319	2	2.46	1	1	BP
GO:1905796	regulation of intraciliary anterograde t...	1	1	0.01	1	1	BP
GO:0031047	gene silencing by RNA	20	2	0.15	1	1	BP
GO:1905799	regulation of intraciliary retrograde tr...	1	1	0.01	1	1	BP
GO:1903706	regulation of hemopoiesis	60	1	0.46	1	1	BP
GO:1903708	positive regulation of hemopoiesis	23	1	0.18	1	1	BP
GO:0002694	regulation of leukocyte activation	59	1	0.46	1	1	BP
GO:0045619	regulation of lymphocyte differentiation	21	1	0.16	1	1	BP
GO:0002696	positive regulation of leukocyte activat...	32	1	0.25	1	1	BP
GO:0048534	hematopoietic or lymphoid organ developm...	136	1	1.05	1	1	BP
GO:0031344	regulation of cell projection organizati...	141	2	1.09	1	1	BP
GO:0017148	negative regulation of translation	29	1	0.22	1	1	BP
GO:0042110	T cell activation	52	1	0.4	1	1	BP
GO:0002682	regulation of immune system process	164	1	1.27	1	1	BP
GO:0043043	peptide biosynthetic process	116	2	0.9	1	1	BP
GO:0002684	positive regulation of immune system pro...	89	1	0.69	1	1	BP
GO:0006898	receptor-mediated endocytosis	52	1	0.4	1	1	BP
GO:0198738	cell-cell signaling by wnt	80	1	0.62	1	1	BP
GO:1903131	mononuclear cell differentiation	51	1	0.39	1	1	BP
GO:0003390	dendrite development by retrograde exten...	1	1	0.01	1	1	BP
GO:0042073	intraciliary transport	8	1	0.06	1	1	BP
GO:0001775	cell activation	165	1	1.27	1	1	BP
GO:0007267	cell-cell signaling	251	1	1.94	1	1	BP
GO:0030097	hemopoiesis	131	1	1.01	1	1	BP
GO:0030098	lymphocyte differentiation	48	1	0.37	1	1	BP
GO:0002181	cytoplasmic translation	21	1	0.16	1	1	BP
GO:0002183	cytoplasmic translational initiation	6	1	0.05	1	1	BP
GO:0035720	intraciliary anterograde transport	2	1	0.02	1	1	BP
GO:0035721	intraciliary retrograde transport	4	1	0.03	1	1	BP
GO:0031503	protein-containing complex localization	42	1	0.32	1	1	BP
GO:0060632	regulation of microtubule-based movement	13	1	0.1	1	1	BP
GO:0044782	cilium organization	82	2	0.63	1	1	BP
GO:1902115	regulation of organelle assembly	39	2	0.3	1	1	BP
GO:0019882	antigen processing and presentation	27	1	0.21	1	1	BP
GO:0019884	antigen processing and presentation of e...	21	1	0.16	1	1	BP
GO:0003386	amphid sensory organ development	1	1	0.01	1	1	BP
GO:0003387	neuron differentiation involved in amphi...	1	1	0.01	1	1	BP
GO:0003388	neuron development involved in amphid se...	1	1	0.01	1	1	BP
GO:0003389	retrograde extension	1	1	0.01	1	1	BP
GO:0016055	Wnt signaling pathway	76	1	0.59	1	1	BP
GO:1903037	regulation of leukocyte cell-cell adhesi...	28	1	0.22	1	1	BP
GO:1903039	positive regulation of leukocyte cell-ce...	17	1	0.13	1	1	BP
GO:1905114	cell surface receptor signaling pathway ...	94	1	0.73	1	1	BP
GO:0045321	leukocyte activation	158	1	1.22	1	1	BP
GO:0035194	post-transcriptional gene silencing by R...	16	1	0.12	1	1	BP
GO:0035195	miRNA-mediated gene silencing	13	1	0.1	1	1	BP
GO:0051136	regulation of NK T cell differentiation	1	1	0.01	1	1	BP
GO:0016358	dendrite development	81	1	0.63	1	1	BP
GO:0019081	viral translation	5	1	0.04	1	1	BP
GO:1902105	regulation of leukocyte differentiation	34	1	0.26	1	1	BP
GO:1902107	positive regulation of leukocyte differe...	16	1	0.12	1	1	BP
GO:0030030	cell projection organization	323	2	2.49	1	1	BP
GO:0030031	cell projection assembly	113	2	0.87	1	1	BP
GO:0034249	negative regulation of cellular amide me...	33	1	0.25	1	1	BP
GO:0033043	regulation of organelle organization	223	2	1.72	1	1	BP
GO:0031623	receptor internalization	24	1	0.19	1	1	BP
GO:0045580	regulation of T cell differentiation	20	1	0.15	1	1	BP
GO:0001865	NK T cell differentiation	1	1	0.01	1	1	BP
GO:0045582	positive regulation of T cell differenti...	10	1	0.08	1	1	BP
GO:0032886	regulation of microtubule-based process	55	1	0.42	1	1	BP
GO:0002376	immune system process	344	1	2.65	1	1	BP
GO:0071826	ribonucleoprotein complex subunit organi...	43	1	0.33	1	1	BP
GO:0060070	canonical Wnt signaling pathway	52	1	0.4	1	1	BP
GO:0030217	T cell differentiation	32	1	0.25	1	1	BP
GO:0051251	positive regulation of lymphocyte activa...	25	1	0.19	1	1	BP
GO:0006518	peptide metabolic process	132	2	1.02	1	1	BP
GO:0008150	biological_process	1814	14	14	1	1	BP
GO:0031175	neuron projection development	240	1	1.85	1	1	BP
GO:0051270	regulation of cellular component movemen...	136	1	1.05	1	1	BP
GO:0051272	positive regulation of cellular componen...	61	1	0.47	1	1	BP
GO:0022409	positive regulation of cell-cell adhesio...	23	1	0.18	1	1	BP
GO:0032386	regulation of intracellular transport	81	1	0.63	1	1	BP
GO:0032388	positive regulation of intracellular tra...	44	1	0.34	1	1	BP
GO:0060271	cilium assembly	80	2	0.62	1	1	BP
GO:0022613	ribonucleoprotein complex biogenesis	53	1	0.41	1	1	BP
GO:0002520	immune system development	144	1	1.11	1	1	BP
GO:0002521	leukocyte differentiation	73	1	0.56	1	1	BP
GO:0022618	ribonucleoprotein complex assembly	37	1	0.29	1	1	BP
GO:0051249	regulation of lymphocyte activation	48	1	0.37	1	1	BP
GO:0046649	lymphocyte activation	81	1	0.63	1	1	BP
GO:0044087	regulation of cellular component biogene...	189	2	1.46	1	1	BP
GO:0043603	cellular amide metabolic process	178	2	1.37	1	1	BP
GO:0043604	amide biosynthetic process	138	2	1.07	1	1	BP
GO:0046631	alpha-beta T cell activation	16	1	0.12	1	1	BP
GO:0046632	alpha-beta T cell differentiation	12	1	0.09	1	1	BP
GO:0046634	regulation of alpha-beta T cell activati...	12	1	0.09	1	1	BP
GO:0046635	positive regulation of alpha-beta T cell...	7	1	0.05	1	1	BP
GO:0046637	regulation of alpha-beta T cell differen...	9	1	0.07	1	1	BP
GO:0046638	positive regulation of alpha-beta T cell...	6	1	0.05	1	1	BP
GO:0045785	positive regulation of cell adhesion	34	1	0.26	1	1	BP
GO:0048003	antigen processing and presentation of l...	1	1	0.01	1	1	BP
GO:0006412	translation	101	2	0.78	1	1	BP
GO:0006413	translational initiation	29	1	0.22	1	1	BP
GO:0050863	regulation of T cell activation	36	1	0.28	1	1	BP
GO:0050865	regulation of cell activation	61	1	0.47	1	1	BP
GO:0050867	positive regulation of cell activation	32	1	0.25	1	1	BP
GO:0070925	organelle assembly	161	2	1.24	1	1	BP
GO:1901566	organonitrogen compound biosynthetic pro...	285	2	2.2	1	1	BP
GO:0060491	regulation of cell projection assembly	34	2	0.26	1	1	BP
GO:0016441	post-transcriptional gene silencing	17	1	0.13	1	1	BP
GO:0007159	leukocyte cell-cell adhesion	30	1	0.23	1	1	BP
GO:0050870	positive regulation of T cell activation	17	1	0.13	1	1	BP
GO:0051959	dynein light intermediate chain binding	1	1	0.01	0.0075	1	MF
GO:0045182	translation regulator activity	22	2	0.17	0.0111	1	MF
GO:0035198	miRNA binding	3	1	0.02	0.0225	1	MF
GO:0030371	translation repressor activity	4	1	0.03	0.0298	1	MF
GO:0061980	regulatory RNA binding	4	1	0.03	0.0298	1	MF
GO:0030742	GTP-dependent protein binding	4	1	0.03	0.0298	1	MF
GO:0000993	RNA polymerase II complex binding	5	1	0.04	0.0372	1	MF
GO:0043175	RNA polymerase core enzyme binding	8	1	0.06	0.0589	1	MF
GO:0001098	basal transcription machinery binding	9	1	0.07	0.066	1	MF
GO:0001099	basal RNA polymerase II transcription ma...	9	1	0.07	0.066	1	MF
GO:0035254	glutamate receptor binding	11	1	0.08	0.0801	1	MF
GO:0003743	translation initiation factor activity	11	1	0.08	0.0801	1	MF
GO:0070063	RNA polymerase binding	12	1	0.09	0.0871	1	MF
GO:0030971	receptor tyrosine kinase binding	12	1	0.09	0.0871	1	MF
GO:1990782	protein tyrosine kinase binding	14	1	0.11	0.1009	1	MF
GO:0008135	translation factor activity, RNA binding	16	1	0.12	0.1145	1	MF
GO:0005102	signaling receptor binding	165	3	1.24	0.1196	1	MF
GO:0090079	translation regulator activity, nucleic ...	18	1	0.14	0.128	1	MF
GO:0004842	ubiquitin-protein transferase activity	92	2	0.69	0.1497	1	MF
GO:0019787	ubiquitin-like protein transferase activ...	95	2	0.72	0.1577	1	MF
GO:0042393	histone binding	27	1	0.2	0.1862	1	MF
GO:0030165	PDZ domain binding	28	1	0.21	0.1924	1	MF
GO:0019903	protein phosphatase binding	29	1	0.22	0.1986	1	MF
GO:0003714	transcription corepressor activity	31	1	0.23	0.2109	1	MF
GO:0019902	phosphatase binding	42	1	0.32	0.2753	1	MF
GO:0008017	microtubule binding	43	1	0.32	0.2809	1	MF
GO:0003723	RNA binding	141	2	1.06	0.2881	1	MF
GO:0060090	molecular adaptor activity	49	1	0.37	0.3137	1	MF
GO:0003729	mRNA binding	49	1	0.37	0.3137	1	MF
GO:0030674	protein-macromolecule adaptor activity	49	1	0.37	0.3137	1	MF
GO:0015631	tubulin binding	55	1	0.41	0.3452	1	MF
GO:0005198	structural molecule activity	57	1	0.43	0.3554	1	MF
GO:0061630	ubiquitin protein ligase activity	57	1	0.43	0.3554	1	MF
GO:0061659	ubiquitin-like protein ligase activity	57	1	0.43	0.3554	1	MF
GO:0003676	nucleic acid binding	304	3	2.29	0.4096	1	MF
GO:0016491	oxidoreductase activity	81	1	0.61	0.4668	1	MF
GO:0005515	protein binding	950	8	7.16	0.523	1	MF
GO:0003712	transcription coregulator activity	95	1	0.72	0.5234	1	MF
GO:0000981	DNA-binding transcription factor activit...	107	1	0.81	0.5674	1	MF
GO:0019899	enzyme binding	387	3	2.92	0.5883	1	MF
GO:0019901	protein kinase binding	120	1	0.9	0.6109	1	MF
GO:0019900	kinase binding	126	1	0.95	0.6295	1	MF
GO:0008092	cytoskeletal protein binding	127	1	0.96	0.6326	1	MF
GO:0003700	DNA-binding transcription factor activit...	130	1	0.98	0.6415	1	MF
GO:1901363	heterocyclic compound binding	428	3	3.23	0.6663	1	MF
GO:0097159	organic cyclic compound binding	434	3	3.27	0.6769	1	MF
GO:0019904	protein domain specific binding	151	1	1.14	0.6989	1	MF
GO:0140096	catalytic activity, acting on a protein	316	2	2.38	0.7219	1	MF
GO:0016740	transferase activity	320	2	2.41	0.729	1	MF
GO:0005488	binding	1204	9	9.08	0.7305	1	MF
GO:0044877	protein-containing complex binding	170	1	1.28	0.7434	1	MF
GO:0005215	transporter activity	176	1	1.33	0.7561	1	MF
GO:0003677	DNA binding	185	1	1.39	0.7741	1	MF
GO:0140110	transcription regulator activity	186	1	1.4	0.7761	1	MF
GO:0003824	catalytic activity	740	4	5.58	0.8875	1	MF
GO:0042802	identical protein binding	268	1	2.02	0.8914	1	MF
GO:0016787	hydrolase activity	315	1	2.37	0.9298	1	MF
GO:0003674	molecular_function	1592	12	12	1	1	MF
GO:0071540	eukaryotic translation initiation factor...	1	1	0.01	0.0083	1	CC
GO:0071541	eukaryotic translation initiation factor...	1	1	0.01	0.0083	1	CC
GO:0030123	AP-3 adaptor complex	1	1	0.01	0.0083	1	CC
GO:0005802	trans-Golgi network	67	3	0.56	0.0161	1	CC
GO:0043614	multi-eIF complex	2	1	0.02	0.0165	1	CC
GO:0031213	RSF complex	2	1	0.02	0.0165	1	CC
GO:0036064	ciliary basal body	27	2	0.22	0.02	1	CC
GO:0005914	spot adherens junction	3	1	0.02	0.0247	1	CC
GO:0030990	intraciliary transport particle	3	1	0.02	0.0247	1	CC
GO:0030991	intraciliary transport particle A	3	1	0.02	0.0247	1	CC
GO:0031010	ISWI-type complex	3	1	0.02	0.0247	1	CC
GO:0005927	muscle tendon junction	3	1	0.02	0.0247	1	CC
GO:0005915	zonula adherens	4	1	0.03	0.0328	1	CC
GO:0031462	Cul2-RING ubiquitin ligase complex	4	1	0.03	0.0328	1	CC
GO:0005813	centrosome	92	3	0.76	0.0371	1	CC
GO:1990124	messenger ribonucleoprotein complex	5	1	0.04	0.0408	1	CC
GO:0071683	sensory dendrite	5	1	0.04	0.0408	1	CC
GO:0005912	adherens junction	40	2	0.33	0.0417	1	CC
GO:0043228	non-membrane-bounded organelle	551	8	4.57	0.0537	1	CC
GO:0043232	intracellular non-membrane-bounded organ...	551	8	4.57	0.0537	1	CC
GO:0015630	microtubule cytoskeleton	180	4	1.49	0.0539	1	CC
GO:0030137	COPI-coated vesicle	7	1	0.06	0.0567	1	CC
GO:0097542	ciliary tip	7	1	0.06	0.0567	1	CC
GO:0030135	coated vesicle	50	2	0.41	0.0625	1	CC
GO:0005705	polytene chromosome interband	8	1	0.07	0.0646	1	CC
GO:0005815	microtubule organizing center	120	3	1	0.0721	1	CC
GO:0032391	photoreceptor connecting cilium	11	1	0.09	0.0878	1	CC
GO:0005730	nucleolus	133	3	1.1	0.0922	1	CC
GO:0070603	SWI/SNF superfamily-type complex	12	1	0.1	0.0954	1	CC
GO:0098791	Golgi apparatus subcompartment	147	3	1.22	0.1163	1	CC
GO:0001750	photoreceptor outer segment	15	1	0.12	0.1178	1	CC
GO:1904949	ATPase complex	17	1	0.14	0.1325	1	CC
GO:0000932	P-body	17	1	0.14	0.1325	1	CC
GO:0005930	axoneme	18	1	0.15	0.1398	1	CC
GO:0030055	cell-substrate junction	18	1	0.15	0.1398	1	CC
GO:0097014	ciliary plasm	18	1	0.15	0.1398	1	CC
GO:0005911	cell-cell junction	82	2	0.68	0.1456	1	CC
GO:0070161	anchoring junction	82	2	0.68	0.1456	1	CC
GO:0030672	synaptic vesicle membrane	19	1	0.16	0.147	1	CC
GO:0005856	cytoskeleton	256	4	2.12	0.1512	1	CC
GO:0099501	exocytic vesicle membrane	20	1	0.17	0.1542	1	CC
GO:0005814	centriole	21	1	0.17	0.1612	1	CC
GO:0043296	apical junction complex	21	1	0.17	0.1612	1	CC
GO:0097731	9+0 non-motile cilium	22	1	0.18	0.1683	1	CC
GO:0097733	photoreceptor cell cilium	22	1	0.18	0.1683	1	CC
GO:0035869	ciliary transition zone	23	1	0.19	0.1753	1	CC
GO:0032838	plasma membrane bounded cell projection ...	24	1	0.2	0.1822	1	CC
GO:0055029	nuclear DNA-directed RNA polymerase comp...	26	1	0.22	0.1959	1	CC
GO:0016591	RNA polymerase II, holoenzyme	26	1	0.22	0.1959	1	CC
GO:0000428	DNA-directed RNA polymerase complex	27	1	0.22	0.2026	1	CC
GO:0031461	cullin-RING ubiquitin ligase complex	27	1	0.22	0.2026	1	CC
GO:0030880	RNA polymerase complex	29	1	0.24	0.216	1	CC
GO:0140513	nuclear protein-containing complex	196	3	1.63	0.2165	1	CC
GO:0005700	polytene chromosome	31	1	0.26	0.2292	1	CC
GO:0030658	transport vesicle membrane	31	1	0.26	0.2292	1	CC
GO:0032588	trans-Golgi network membrane	31	1	0.26	0.2292	1	CC
GO:0030136	clathrin-coated vesicle	32	1	0.27	0.2357	1	CC
GO:0097730	non-motile cilium	32	1	0.27	0.2357	1	CC
GO:0005874	microtubule	32	1	0.27	0.2357	1	CC
GO:0090575	RNA polymerase II transcription regulato...	33	1	0.27	0.2421	1	CC
GO:0005929	cilium	114	2	0.95	0.2431	1	CC
GO:0032991	protein-containing complex	742	9	6.15	0.2505	1	CC
GO:0005798	Golgi-associated vesicle	36	1	0.3	0.2612	1	CC
GO:0097708	intracellular vesicle	326	4	2.7	0.2785	1	CC
GO:0031410	cytoplasmic vesicle	326	4	2.7	0.2785	1	CC
GO:0055037	recycling endosome	39	1	0.32	0.2798	1	CC
GO:1990904	ribonucleoprotein complex	126	2	1.04	0.2811	1	CC
GO:0099513	polymeric cytoskeletal fiber	41	1	0.34	0.2919	1	CC
GO:0030425	dendrite	130	2	1.08	0.2938	1	CC
GO:0097447	dendritic tree	130	2	1.08	0.2938	1	CC
GO:0036464	cytoplasmic ribonucleoprotein granule	44	1	0.36	0.3098	1	CC
GO:0031982	vesicle	344	4	2.85	0.3149	1	CC
GO:0061695	transferase complex, transferring phosph...	45	1	0.37	0.3157	1	CC
GO:0005794	Golgi apparatus	240	3	1.99	0.3198	1	CC
GO:0099080	supramolecular complex	140	2	1.16	0.3255	1	CC
GO:0035770	ribonucleoprotein granule	47	1	0.39	0.3273	1	CC
GO:0030054	cell junction	244	3	2.02	0.3295	1	CC
GO:1990234	transferase complex	142	2	1.18	0.3319	1	CC
GO:0008021	synaptic vesicle	48	1	0.4	0.333	1	CC
GO:0098687	chromosomal region	49	1	0.41	0.3387	1	CC
GO:1902494	catalytic complex	248	3	2.06	0.3392	1	CC
GO:0030659	cytoplasmic vesicle membrane	146	2	1.21	0.3445	1	CC
GO:0043005	neuron projection	252	3	2.09	0.3489	1	CC
GO:0012506	vesicle membrane	148	2	1.23	0.3508	1	CC
GO:0031984	organelle subcompartment	259	3	2.15	0.3659	1	CC
GO:0140535	intracellular protein-containing complex	154	2	1.28	0.3696	1	CC
GO:0070382	exocytic vesicle	55	1	0.46	0.3718	1	CC
GO:0005768	endosome	159	2	1.32	0.3851	1	CC
GO:0000151	ubiquitin ligase complex	62	1	0.51	0.4086	1	CC
GO:0010008	endosome membrane	63	1	0.52	0.4136	1	CC
GO:0000228	nuclear chromosome	67	1	0.56	0.4335	1	CC
GO:0005622	intracellular anatomical structure	1700	15	14.1	0.4441	1	CC
GO:0036477	somatodendritic compartment	180	2	1.49	0.4489	1	CC
GO:0005667	transcription regulator complex	77	1	0.64	0.4806	1	CC
GO:0000785	chromatin	80	1	0.66	0.494	1	CC
GO:0005737	cytoplasm	1445	13	11.98	0.4959	1	CC
GO:0030133	transport vesicle	81	1	0.67	0.4984	1	CC
GO:0099081	supramolecular polymer	89	1	0.74	0.5322	1	CC
GO:0099512	supramolecular fiber	89	1	0.74	0.5322	1	CC
GO:0031981	nuclear lumen	570	5	4.73	0.5362	1	CC
GO:0043229	intracellular organelle	1511	13	12.53	0.5401	1	CC
GO:0099568	cytoplasmic region	95	1	0.79	0.5562	1	CC
GO:0098793	presynapse	99	1	0.82	0.5716	1	CC
GO:0120025	plasma membrane bounded cell projection	355	3	2.94	0.5885	1	CC
GO:0042995	cell projection	356	3	2.95	0.5907	1	CC
GO:0000139	Golgi membrane	109	1	0.9	0.6078	1	CC
GO:0043226	organelle	1540	13	12.77	0.6098	1	CC
GO:0043227	membrane-bounded organelle	1458	12	12.09	0.6708	1	CC
GO:0048471	perinuclear region of cytoplasm	132	1	1.09	0.6805	1	CC
GO:0099503	secretory vesicle	138	1	1.14	0.6973	1	CC
GO:0098588	bounding membrane of organelle	283	2	2.35	0.7065	1	CC
GO:0005694	chromosome	142	1	1.18	0.7081	1	CC
GO:0005829	cytosol	703	5	5.83	0.7563	1	CC
GO:0031974	membrane-enclosed lumen	708	5	5.87	0.7631	1	CC
GO:0070013	intracellular organelle lumen	708	5	5.87	0.7631	1	CC
GO:0043233	organelle lumen	708	5	5.87	0.7631	1	CC
GO:0045202	synapse	179	1	1.48	0.7918	1	CC
GO:0012505	endomembrane system	613	4	5.08	0.8045	1	CC
GO:0005739	mitochondrion	245	1	2.03	0.8883	1	CC
GO:0043231	intracellular membrane-bounded organelle	1410	10	11.69	0.9095	1	CC
GO:0005634	nucleus	860	5	7.13	0.9156	1	CC
GO:0031090	organelle membrane	470	2	3.9	0.9321	1	CC
GO:0005654	nucleoplasm	493	2	4.09	0.9447	1	CC
GO:0110165	cellular anatomical entity	1807	15	14.98	0.9857	1	CC
GO:0016020	membrane	838	3	6.95	0.9979	1	CC
GO:0030119	AP-type membrane coat adaptor complex	7	1	0.06	1	1	CC
GO:0005852	eukaryotic translation initiation factor...	2	1	0.02	1	1	CC
GO:0098796	membrane protein complex	156	1	1.29	1	1	CC
GO:0005575	cellular_component	1809	15	15	1	1	CC
GO:0048475	coated membrane	19	1	0.16	1	1	CC
GO:0030117	membrane coat	19	1	0.16	1	1	CC
